理事会副主任,职务
第一政治委员,职务
常务副秘书长,职务
理事会主席,职务
理事会主任,职务
副主任委员,职务
副政治委员,职务
党组副书记,职务
党委副书记,职务
常务副主席,职务
常务副主任,职务
常务副市长,职务
常务副省长,职务
常务副会长,职务
常务副部长,职务
首席运营官,职务
主任委员,职务
政治委员,职务
行政长官,职务
首席法官,职务
候补委员,职务
国务委员,职务
副总编辑,职务
副委员长,职务
副司令员,职务
副审计长,职务
副秘书长,职务
副检察长,职务
副董事长,职务
副参谋长,职务
第一书记,职务
党组书记,职务
党委书记,职务
常务委员,职务
总会计师,职务
外部董事,职务
副总经理,职务
党组成员,职务
督察专员,职务
总审计师,职务
代理市长,职务
总工程师,职务
总规划师,职务
总统计师,职务
督查专员,职务
专职督学,职务
总书记,职务
总编辑,职务
院校长,职务
委员长,职务
特派员,职务
司令员,职务
审计长,职务
秘书长,职务
理事长,职务
检察长,职务
副组长,职务
副总理,职务
副主席,职务
副主任,职务
副院长,职务
副行长,职务
副台长,职务
副署长,职务
副书记,职务
副市长,职务
副省长,职务
副社长,职务
副局长,职务
副会长,职务
副部长,职务
董事长,职务
参谋长,职务
总经理,职务
巡视员,职务
总督学,职务
督察长,职务
审判员,职务
副厅长,职务
副庭长,职务
副处长,职务
副区长,职务
副县长,职务
代市长,职务
指挥长,职务
检察员,职务
审计师,职务
组长,职务
总理,职务
主席,职务
主任,职务
院长,职务
行长,职务
校长,职务
委员,职务
台长,职务
署长,职务
书记,职务
市长,职务
省长,职务
社长,职务
区长,职务
局长,职务
会长,职务
馆长,职务
大使,职务
部长,职务
常委,职务
董事,职务
队长,职务
厅长,职务
庭长,职务
处长,职务
所长,职务
县长,职务
馆员,职务
总裁,职务
成员,职务
司长,职务
代表,职务
州长,职务
参事,职务
指挥,职务
常务副院长,职务
副校长,职务
常务副校长,职务
副理事长,职务
副馆长,职务
地委书记,职务
地委副书记,职务
政委,职务
中国共产党,政党
中共,政党
